Rank,Player,Position,Age,Team,GP,MPG,FGM,FG%,FT%,3PM,3P%,PTS,TREB,AST,STL,BLK,TO,Rookie
1,Victor Wembanyama,C,21.6,SA,46,,,0.476,0.835,3.1,,24.3,11,3.7,1.1,3.8,3.2,0
2,Shai Gilgeous-Alexander,"PG,SG",27.1,OKC,76,,,0.52,0.899,2.1,,32.7,5,6.4,1.7,1,2.4,0
3,Luka Doncic,"PG,SG",26.5,LAL,50,,,0.45,0.782,3.5,,28.2,8.2,7.7,1.8,0.4,3.6,0
4,Nikola Jokic,C,30.5,DEN,70,,,0.577,0.801,2,,29.6,12.7,10.2,1.8,0.6,3.3,0
5,Cade Cunningham,"PG,SG",23.9,DET,70,,,0.469,0.845,2.1,,26.1,6.1,9.1,1,0.8,4.4,0
6,Cooper Flagg,ROOKIE,18.7,DAL,,,,,,,,,,,,,,1
7,Anthony Edwards,"SG,SF",24,MIN,79,,,0.447,0.836,4.1,,27.6,5.7,4.5,1.2,0.6,3.1,0
8,Trae Young,PG,26.9,ATL,76,,,0.411,0.875,2.9,,24.2,3.1,11.6,1.2,0.2,4.7,0
9,Evan Mobley,"PF,C",24.2,CLE,71,,,0.557,0.723,1.2,,18.5,9.3,3.2,0.9,1.6,2,0
10,Chet Holmgren,"PF,C",23.3,OKC,32,,,0.49,0.754,1.4,,15,8,2,0.7,2.2,1.8,0
11,Giannis Antetokounmpo,"PF,C",30.7,MIL,67,,,0.601,0.617,0.2,,30.4,11.9,6.5,0.9,1.2,3.1,0
12,LaMelo Ball,"PG,SG",24,CHA,47,,,0.405,0.844,3.8,,25.2,4.9,7.4,1.1,0.3,3.6,0
13,Jalen Williams,"SG,SF,PF,C",24.3,OKC,69,,,0.484,0.79,1.8,,21.6,5.4,5.1,1.6,0.7,2.2,0
14,Amen Thompson,"PG,SG,SF,PF",22.5,HOU,69,,,0.556,0.684,0.4,,14.1,8.2,3.8,1.4,1.3,2,0
15,Jayson Tatum,"SF,PF",27.5,BOS,72,,,0.452,0.813,3.5,,26.8,8.7,6,1.1,0.5,2.9,0
16,Tyrese Haliburton,"PG,SG",25.5,IND,73,,,0.473,0.852,3,,18.6,3.5,9.2,1.4,0.7,1.6,0
17,Jalen Johnson,"SF,PF",23.7,ATL,36,,,0.499,0.746,1.2,,18.9,10,5,1.6,1,2.9,0
18,Tyrese Maxey,"PG,SG",24.8,PHI,52,,,0.437,0.878,3.1,,26.3,3.3,6.1,1.8,0.4,2.4,0
19,Karl-Anthony Towns,"PF,C",29.8,NY,72,,,0.526,0.829,2,,24.4,12.8,3.1,1,0.7,2.7,0
20,Jaren Jackson Jr.,"PF,C",25.9,MEM,74,,,0.488,0.781,2,,22.2,5.6,2,1.2,1.5,2.1,0
21,Scottie Barnes,"PG,SG,SF,PF",24,TOR,65,,,0.446,0.755,1.2,,19.3,7.7,5.8,1.4,1,2.8,0
22,Devin Booker,"PG,SG",28.8,PHO,75,,,0.461,0.894,2.4,,25.6,4.1,7.1,0.9,0.2,2.9,0
23,Paolo Banchero,"SF,PF",22.8,ORL,46,,,0.453,0.728,1.9,,25.9,7.5,4.8,0.8,0.6,3,0
24,Franz Wagner,"SF,PF",24,ORL,60,,,0.463,0.873,1.7,,24.2,5.7,4.7,1.3,0.4,2.3,0
25,Domantas Sabonis,C,29.3,SAC,70,,,0.589,0.753,0.9,,19.1,13.9,6,0.7,0.4,2.9,0
26,Darius Garland,PG,25.6,CLE,75,,,0.472,0.879,2.8,,20.6,2.9,6.7,1.2,0.1,2.5,0
27,Donovan Mitchell,"PG,SG",28.9,CLE,71,,,0.443,0.824,3.3,,24,4.5,5,1.3,0.2,2.1,0
28,Alperen Sengün,C,23.1,HOU,76,,,0.496,0.691,0.3,,19.1,10.4,4.9,1.1,0.8,2.6,0
29,Anthony Davis,"PF,C",32.4,DAL,51,,,0.517,0.775,0.7,,24.7,11.5,3.5,1.2,2.2,2.2,0
30,De'Aaron Fox,"PG,SG",27.7,SA,62,,,0.464,0.827,1.9,,23.5,4.8,6.3,1.5,0.4,2.8,0
31,Trey Murphy III,"SG,SF,PF",25.2,NO,53,,,0.454,0.887,3,,21.2,5.1,3.5,1.1,0.7,1.9,0
32,Jalen Brunson,PG,29,NY,65,,,0.488,0.821,2.3,,26,2.9,7.3,0.9,0.1,2.5,0
178,Noa Essengue,ALL,18.7,CHI,,,,,,,,,,,,,,1
34,Bam Adebayo,"PF,C",28.1,MIA,78,,,0.485,0.766,1,,18.1,9.6,4.3,1.3,0.7,2.1,0
35,Desmond Bane,"SG,SF",27.1,ORL,69,,,0.484,0.895,2.4,,19.2,6.1,5.3,1.2,0.4,2.4,0
36,Jamal Murray,"PG,SG",28.5,DEN,67,,,0.474,0.886,2.3,,21.4,3.9,6,1.4,0.5,2.1,0
37,Tyler Herro,"PG,SG",25.6,MIA,77,,,0.472,0.878,3.3,,23.9,5.2,5.5,0.9,0.2,2.6,0
38,Brandon Miller,"SG,SF,PF",22.7,CHA,27,,,0.403,0.86,3.9,,21,4.9,3.6,1.1,0.8,2.8,0
39,Josh Giddey,"PG,SG,SF",22.9,CHI,70,,,0.465,0.781,1.5,,14.6,8.1,7.2,1.2,0.6,2.9,0
40,Ja Morant,PG,26,MEM,50,,,0.454,0.824,1.8,,23.2,4.1,7.3,1.2,0.2,3.7,0
41,Dyson Daniels,"PG,SG,SF",22.4,ATL,76,,,0.493,0.592,1.1,,14.1,5.9,4.4,3,0.7,2,0
42,Jaylen Brown,"SG,SF",28.8,BOS,63,,,0.463,0.763,1.8,,22.2,5.8,4.5,1.2,0.3,2.6,0
43,James Harden,"PG,SG",36,LAC,79,,,0.41,0.873,3,,22.8,5.8,8.7,1.5,0.7,4.3,0
44,Austin Reaves,"PG,SG",27.2,LAL,73,,,0.46,0.878,2.7,,20.2,4.5,5.8,1.1,0.3,2.4,0
45,Stephen Curry,"PG,SG",37.4,GS,70,,,0.449,0.934,4.4,,24.5,4.4,6,1.1,0.4,2.9,0
46,Alexandre Sarr,"PF,C",20.3,WAS,67,,,0.394,0.679,1.6,,13,6.5,2.4,0.7,1.5,1.7,0
47,Jalen Duren,C,21.7,DET,78,,,0.693,0.671,0,,11.8,10.3,2.7,0.7,1.2,1.7,0
48,Ivica Zubac,C,28.4,LAC,80,,,0.629,0.661,0,,16.8,12.6,2.7,0.7,1.1,1.6,0
49,Kyrie Irving,"PG,SG",33.4,DAL,50,,,0.473,0.916,2.9,,24.7,4.8,4.6,1.3,0.5,2.2,0
50,Pascal Siakam,"SF,PF,C",31.4,IND,78,,,0.519,0.734,1.6,,20.2,6.9,3.4,0.9,0.5,1.4,0
51,Myles Turner,C,29.4,MIL,72,,,0.481,0.773,2.2,,15.6,6.6,1.5,0.8,2,1.7,0
52,Zion Williamson,"SF,PF,C",25.1,NO,30,,,0.567,0.656,0.1,,24.6,7.2,5.3,1.2,0.9,3,0
53,Deni Avdija,"SF,PF",24.6,POR,72,,,0.476,0.779,1.7,,16.9,7.3,3.9,1,0.5,2.7,0
54,Jalen Suggs,"PG,SG",24.2,ORL,35,,,0.41,0.882,2.2,,16.2,4,3.7,1.5,0.9,2.9,0
55,Jordan Poole,"PG,SG",26.2,NO,68,,,0.433,0.883,3.5,,20.5,3,4.4,1.3,0.4,3,0
56,Onyeka Okongwu,"PF,C",24.7,ATL,74,,,0.567,0.76,0.7,,13.4,8.9,2.3,0.9,0.9,1.2,0
57,Zach LaVine,"SG,SF",30.4,SAC,74,,,0.511,0.826,3.2,,23.3,4.3,4.2,0.8,0.2,2.8,0
58,OG Anunoby,"SF,PF",28.1,NY,74,,,0.476,0.81,2.3,,18,4.8,2.2,1.5,0.9,1.4,0
59,Donovan Clingan,C,21.5,POR,67,,,0.539,0.6,0.2,,6.5,7.9,1.1,0.5,1.6,1.1,0
60,Lauri Markkanen,"SF,PF",28.2,UTA,47,,,0.423,0.876,2.9,,19,5.9,1.5,0.7,0.4,1.4,0
61,Kevin Durant,"SF,PF",36.9,HOU,62,,,0.527,0.84,2.6,,26.6,6,4.3,0.8,1.2,3.1,0
62,Jarrett Allen,C,27.3,CLE,82,,,0.706,0.719,0,,13.5,9.7,1.9,0.9,0.9,1.2,0
63,Walker Kessler,C,24.1,UTA,58,,,0.662,0.519,0.1,,11.1,12.2,1.7,0.6,2.4,1.5,0
64,Bilal Coulibaly,"SG,SF",21.1,WAS,59,,,0.422,0.745,1.1,,12.3,5,3.4,1.3,0.7,2.1,0
65,Derrick White,"PG,SG",31.1,BOS,76,,,0.442,0.84,3.5,,16.4,4.5,4.8,0.9,1.1,1.7,0
66,Coby White,"PG,SG",25.5,CHI,74,,,0.453,0.901,2.9,,20.4,3.7,4.5,0.9,0.2,2.4,0
67,Fred VanVleet,PG,31.5,HOU,60,,,0.378,0.815,2.7,,14.1,3.7,5.6,1.6,0.4,1.5,0
68,Immanuel Quickley,"PG,SG",26.2,TOR,33,,,0.42,0.866,2.6,,17.1,3.5,5.8,0.7,0.1,1.8,0
148,Jeremiah Fears,ALL,18.8,NO,,,,,,,,,,,,,,1
70,Stephon Castle,"PG,SG",20.8,SA,81,,,0.428,0.722,1.2,,14.7,3.7,4.1,0.9,0.3,2.2,0
219,Joan Beringer,ALL,18.8,MIN,,,,,,,,,,,,,,1
72,Dereck Lively II,C,21.5,DAL,36,,,0.701,0.631,0,,8.7,7.5,2.4,0.6,1.6,1.1,0
73,Isaiah Hartenstein,C,27.3,OKC,57,,,0.581,0.678,0,,11.1,10.7,3.8,0.8,1.1,1.7,0
74,Joel Embiid,C,31.4,PHI,19,,,0.445,0.882,1.2,,23.8,8.2,4.5,0.7,0.9,3.3,0
75,Scoot Henderson,PG,21.5,POR,66,,,0.419,0.766,1.6,,12.7,3,5.1,1,0.2,2.7,0
76,Mark Williams,C,23.7,PHO,44,,,0.604,0.805,0,,15.3,10.2,2.5,0.7,1.2,1.6,0
123,Khaman Maluach,ALL,18.9,PHO,,,,,,,,,,,,,,1
78,Ausar Thompson,"SF,PF",22.5,DET,59,,,0.535,0.639,0.2,,10.1,5.1,2.3,1.6,0.7,1.4,0
79,Dejounte Murray,"PG,SG",28.9,NO,31,,,0.393,0.823,1.7,,17.5,6.5,7.4,2,0.4,3.4,0
80,Devin Vassell,"SG,SF",25,SA,64,,,0.443,0.787,2.5,,16.3,4,2.9,1.3,0.5,1.4,0
81,Toumani Camara,"SG,SF,PF",25.3,POR,78,,,0.459,0.722,1.7,,11.3,5.8,2.2,1.5,0.6,1.4,0
82,Mikal Bridges,"SG,SF,PF",29,NY,82,,,0.5,0.813,2,,17.6,3.2,3.7,0.9,0.5,1.6,0
83,Kel'el Ware,"PF,C",21.3,MIA,64,,,0.554,0.686,0.6,,9.3,7.4,0.9,0.6,1.1,0.9,0
84,Nicolas Claxton,C,26.3,BKN,70,,,0.564,0.514,0.1,,10.3,7.4,2.2,0.9,1.4,1.2,0
85,Jalen Green,"PG,SG",23.5,PHO,82,,,0.423,0.812,2.9,,21,4.6,3.4,0.9,0.3,2.5,0
86,Cameron Johnson,"SF,PF",29.5,DEN,57,,,0.475,0.894,2.8,,18.8,4.3,3.4,0.9,0.4,1.7,0
87,Brandon Ingram,"SG,SF,PF",28,TOR,18,,,0.465,0.853,2.4,,22.2,5.6,5.2,0.9,0.6,3.8,0
88,Carlton Carrington,"PG,SG",20.1,WAS,82,,,0.401,0.808,1.7,,9.8,4.2,4.4,0.7,0.3,1.7,0
89,Tari Eason,"SF,PF",24.3,HOU,57,,,0.486,0.764,1.1,,12,6.4,1.5,1.7,0.9,1.1,0
90,Rudy Gobert,C,33.1,MIN,72,,,0.669,0.675,0,,12,10.9,1.8,0.8,1.4,1.2,0
91,Matas Buzelis,"SF,PF",20.8,CHI,80,,,0.454,0.815,1.2,,8.6,3.5,1,0.4,0.9,0.9,0
92,Anfernee Simons,"PG,SG",26.2,BOS,70,,,0.426,0.903,3.1,,19.3,2.7,4.8,0.8,0.1,2,0
93,Zach Edey,C,23.3,MEM,66,,,0.579,0.708,0.3,,9.2,8.3,1,0.5,1.3,1.3,0
94,Kristaps Porzingis,"PF,C",30,ATL,42,,,0.483,0.808,2.5,,19.5,6.8,2.1,0.7,1.5,1.3,0
95,Paul George,"SG,SF,PF",35.3,PHI,41,,,0.43,0.814,2.3,,16.2,5.3,4.3,1.8,0.5,2.6,0
96,Reed Sheppard,SG,21.1,HOU,52,,,0.352,0.806,0.9,,4.4,1.5,1.4,0.7,0.3,0.7,0
97,Jakob Poeltl,C,29.8,TOR,57,,,0.626,0.672,0,,14.5,9.6,2.8,1.2,1.2,1.9,0
71,Ace Bailey,ALL,19,UTA,,,,,,,,,,,,,,1
99,Naz Reid,"PF,C",26,MIN,80,,,0.462,0.777,2.2,,14.2,6,2.3,0.7,0.9,1.4,0
100,Miles Bridges,"SF,PF",27.4,CHA,64,,,0.431,0.869,2.2,,20.3,7.5,3.9,0.7,0.7,2.1,0
101,Josh Hart,"SG,SF,PF",30.5,NY,77,,,0.525,0.774,1.1,,13.6,9.6,5.9,1.5,0.4,2.1,0
102,Jabari Smith Jr.,"PF,C",22.3,HOU,57,,,0.438,0.824,1.7,,12.2,7,1.1,0.4,0.7,1.1,0
103,Jimmy Butler,"SF,PF",35.9,GS,55,,,0.504,0.842,0.6,,17.5,5.4,5.4,1.4,0.3,1.3,0
104,Christian Braun,"SG,SF",24.3,DEN,79,,,0.58,0.827,1.1,,15.4,5.2,2.6,1.1,0.5,1,0
105,Shaedon Sharpe,"SG,SF",22.2,POR,72,,,0.452,0.786,2,,18.5,4.5,2.8,0.9,0.2,2.1,0
106,LeBron James,"SF,PF",40.6,LAL,70,,,0.513,0.782,2.1,,24.4,7.8,8.2,1,0.6,3.7,0
107,Michael Porter Jr.,"SF,PF",27.1,BKN,77,,,0.504,0.77,2.5,,18.2,7,2.1,0.6,0.5,1.4,0
108,Jared McCain,"PG,SG",21.5,PHI,23,,,0.46,0.877,2.2,,15.3,2.4,2.6,0.7,0,1.6,0
109,Cam Thomas,"SG,SF",23.8,BKN,25,,,0.438,0.881,2.7,,24,3.3,3.8,0.6,0.1,2.5,0
110,Deandre Ayton,C,27.1,LAL,40,,,0.567,0.667,0.2,,14.4,10.2,1.6,0.8,1,1.7,0
111,Brandin Podziemski,"PG,SG",22.5,GS,64,,,0.446,0.764,1.8,,11.7,5.1,3.4,1.1,0.2,1.2,0
112,Jaden McDaniels,"SF,PF",24.9,MIN,82,,,0.477,0.814,1.2,,12.2,5.7,2,1.3,0.9,1.2,0
113,Kawhi Leonard,"SG,SF,PF",34.1,LAC,37,,,0.498,0.81,2.1,,21.5,5.9,3.1,1.6,0.5,1.9,0
114,Keegan Murray,"SF,PF",25,SAC,76,,,0.444,0.832,2,,12.4,6.7,1.4,0.8,0.9,0.8,0
115,RJ Barrett,"SG,SF,PF",25.2,TOR,58,,,0.468,0.631,1.8,,21.1,6.3,5.4,0.8,0.3,2.9,0
116,Julius Randle,"PF,C",30.7,MIN,69,,,0.484,0.805,1.6,,18.7,7.1,4.7,0.7,0.2,2.8,0
117,DeMar DeRozan,"SF,PF",36,SAC,77,,,0.477,0.857,1.1,,22.2,3.9,4.4,0.8,0.4,1.4,0
118,Payton Pritchard,"PG,SG",27.6,BOS,80,,,0.472,0.848,3.2,,14.3,3.8,3.5,0.9,0.2,1,0
119,Zaccharie Risacher,"SF,PF",20.4,ATL,75,,,0.458,0.709,1.6,,12.6,3.6,1.2,0.7,0.5,1.2,0
120,Keyonte George,"PG,SG",21.8,UTA,67,,,0.391,0.819,2.6,,16.8,3.8,5.6,0.7,0.1,2.7,0
147,Kasparas Jakucionis,ALL,19.2,MIA,,,,,,,,,,,,,,1
122,Kyshawn George,"SG,SF",21.7,WAS,68,,,0.372,0.752,1.7,,8.7,4.2,2.5,1,0.7,1.4,0
197,Nolan Traore,ALL,19.2,BKN,,,,,,,,,,,,,,1
124,Jaden Ivey,"PG,SG",23.5,DET,30,,,0.46,0.731,2.1,,17.6,4.1,4,0.9,0.4,3,0
125,Malik Monk,"PG,SG,SF",27.5,SAC,65,,,0.439,0.865,2.1,,17.2,3.8,5.6,1,0.6,2.4,0
126,Nikola Vucevic,"PF,C",34.8,CHI,73,,,0.53,0.804,1.8,,18.5,10.1,3.5,0.8,0.7,1.6,0
127,Daniel Gafford,"PF,C",26.9,DAL,57,,,0.702,0.689,0,,12.3,6.8,1.4,0.4,1.8,1.2,0
304,Ben Saraf,ALL,19.3,BKN,,,,,,,,,,,,,,1
98,Tre Johnson,ALL,19.4,WAS,,,,,,,,,,,,,,1
130,Herbert Jones,"SF,PF",26.9,NO,20,,,0.436,0.825,1.1,,10.3,3.9,3.3,1.9,0.5,1.8,0
131,P.J. Washington,"SF,PF",27,DAL,57,,,0.452,0.723,1.6,,14.7,7.7,2.3,1.1,1.1,2.1,0
132,Andrew Nembhard,"PG,SG",25.6,IND,65,,,0.458,0.794,0.8,,10,3.3,5,1.2,0.2,1.7,0
133,Taylor Hendricks,"SF,PF",21.7,UTA,3,,,0.222,0.752,1,,4.7,5,0.7,1.7,1.3,0.7,0
134,Jaylen Wells,SF,22,MEM,79,,,0.425,0.825,1.8,,10.4,3.4,1.7,0.6,0.1,0.9,0
135,Norman Powell,"SG,SF",32.2,MIA,60,,,0.484,0.803,3,,21.8,3.2,2.1,1.2,0.2,1.8,0
136,Damian Lillard,PG,35.1,POR,58,,,0.448,0.92,3.4,,24.9,4.7,7.1,1.2,0.2,2.8,0
137,Isaiah Collier,"PG,SG",20.9,UTA,71,,,0.422,0.682,0.6,,8.7,3.3,6.3,0.9,0.2,2.9,0
138,Cason Wallace,"PG,SG",21.8,OKC,68,,,0.474,0.815,1.1,,8.4,3.4,2.5,1.8,0.5,0.9,0
139,Bennedict Mathurin,"SG,SF",23.2,IND,72,,,0.458,0.831,1.4,,16.1,5.3,1.9,0.7,0.3,1.9,0
140,Aaron Nesmith,"SF,PF",25.8,IND,45,,,0.507,0.91,1.9,,12,4,1.2,0.8,0.4,0.8,0
141,Collin Sexton,"PG,SG",26.6,CHA,63,,,0.48,0.864,1.8,,18.4,2.7,4.2,0.7,0.1,2.5,0
142,Keon Ellis,"PG,SG,SF",25.6,SAC,80,,,0.491,0.843,1.7,,8.3,2.6,1.5,1.5,0.8,0.9,0
143,Donte DiVincenzo,"PG,SG,SF",28.5,MIN,62,,,0.421,0.775,2.8,,11.7,3.7,3.6,1.2,0.3,1.6,0
144,Yves Missi,C,21.3,NO,73,,,0.547,0.624,0,,9.1,8.2,1.4,0.5,1.3,1.1,0
145,John Collins,"PF,C",27.9,LAC,40,,,0.527,0.849,1.5,,19,8.2,2,1,1,2.6,0
146,Aaron Gordon,"PF,C",29.9,DEN,51,,,0.531,0.809,1.5,,14.7,4.8,3.2,0.5,0.3,1.4,0
33,Dylan Harper,ALL,19.5,SA,,,,,,,,,,,,,,1
121,Egor Demin,ALL,19.5,BKN,,,,,,,,,,,,,,1
274,Will Riley,ALL,19.5,WAS,,,,,,,,,,,,,,1
150,Isaiah Jackson,"PF,C",23.6,IND,5,,,0.609,0.5,0,,7,5.6,1,0.6,1.6,1,0
299,Hugo González,ALL,19.5,BOS,,,,,,,,,,,,,,1
152,Jeremy Sochan,"SF,PF,C",22.2,SA,54,,,0.535,0.697,0.5,,11.4,6.5,2.4,0.8,0.5,1.5,0
153,Ayo Dosunmu,"PG,SG,SF",25.6,CHI,46,,,0.492,0.785,1.4,,12.3,3.5,4.5,0.9,0.4,1.5,0
154,Santi Aldama,"PF,C",24.6,MEM,65,,,0.483,0.69,1.9,,12.5,6.4,2.9,0.8,0.4,1.1,0
155,Jarace Walker,PF,22,IND,75,,,0.473,0.663,1,,6.1,3.1,1.5,0.7,0.3,1,0
156,CJ McCollum,"PG,SG",33.9,WAS,56,,,0.444,0.715,3.1,,21.1,3.8,4.1,0.8,0.4,1.9,0
157,Thomas Sorber,ALL,19.6,OKC,,,,,,,,,,,,,,1
151,Carter Bryant,ALL,19.7,SA,,,,,,,,,,,,,,1
159,Kyle Filipowski,"PF,C",21.8,UTA,72,,,0.502,0.648,1.1,,9.6,6.1,1.9,0.7,0.3,1.4,0
218,Jase Richardson,ALL,19.8,ORL,,,,,,,,,,,,,,1
161,Cam Whitmore,"SF,PF",21.1,WAS,51,,,0.444,0.752,1.3,,9.4,3,1,0.6,0.3,0.9,0
162,Ron Holland II,SF,20.1,DET,81,,,0.473,0.755,0.4,,6.4,2.7,1,0.6,0.2,0.9,0
163,Anthony Black,"PG,SG",21.6,ORL,78,,,0.422,0.759,0.8,,9.4,3,3.1,1.1,0.6,1.8,0
164,Tobias Harris,"SF,PF",33.1,DET,73,,,0.477,0.863,1.3,,13.7,5.9,2.2,1,0.8,1.2,0
165,Miles McBride,"PG,SG",24.9,NY,64,,,0.406,0.81,1.8,,9.5,2.5,2.9,1,0.3,0.6,0
232,Drake Powell,ALL,19.9,BKN,,,,,,,,,,,,,,1
257,Asa Newell,ALL,19.9,ATL,,,,,,,,,,,,,,1
168,Bradley Beal,"PG,SG,SF",32.1,LAC,53,,,0.497,0.806,1.9,,17,3.3,3.7,1.1,0.5,1.9,0
169,Quentin Grimes,"SG,SF",25.3,PHI,75,,,0.467,0.758,2.2,,14.6,4.3,3,1,0.3,1.9,0
170,Nikola Jovic,"PF,C",22.2,MIA,46,,,0.456,0.831,1.7,,10.7,3.9,2.8,0.8,0.3,1.3,0
171,Jonathan Kuminga,"SF,PF",22.9,GS,47,,,0.454,0.668,1,,15.3,4.6,2.2,0.8,0.4,1.5,0
172,Peyton Watson,"SF,PF",22.9,DEN,68,,,0.477,0.697,0.7,,8.1,3.4,1.4,0.7,1.4,0.8,0
173,Gradey Dick,"SG,SF",21.7,TOR,54,,,0.41,0.857,2.1,,14.4,3.6,1.8,0.9,0.2,1.5,0
174,D'Angelo Russell,PG,29.5,DAL,58,,,0.39,0.836,2,,12.6,2.8,5.1,1,0.4,1.9,0
175,Andrew Wiggins,"SF,PF",30.5,MIA,60,,,0.448,0.764,2.2,,18,4.5,2.6,1,0.8,1.7,0
176,Obi Toppin,PF,27.5,IND,79,,,0.529,0.785,1.4,,10.5,4,1.6,0.6,0.4,0.9,0
177,Draymond Green,"PF,C",35.5,GS,68,,,0.425,0.69,1.2,,9,6.1,5.6,1.5,1,2.6,0
277,Liam McNeeley,ALL,19.9,CHA,,,,,,,,,,,,,,1
179,Davion Mitchell,"PG,SG",26.9,MIA,74,,,0.468,0.684,1.1,,7.9,2.3,4.9,1,0.2,1.7,0
180,Rob Dillingham,PG,20.6,MIN,49,,,0.441,0.516,0.5,,4.5,1,2,0.4,0,1.1,0
181,Rui Hachimura,"SF,PF",27.5,LAL,59,,,0.509,0.766,1.7,,13.1,5,1.4,0.8,0.4,0.8,0
182,Max Christie,"SG,SF",22.5,DAL,78,,,0.427,0.856,1.5,,9.6,3.3,1.9,0.8,0.4,1.1,0
183,Mitchell Robinson,C,27.4,NY,17,,,0.663,0.679,0,,5.1,5.9,0.8,0.9,1.1,0.6,0
184,De'Andre Hunter,"SF,PF",27.7,CLE,64,,,0.469,0.846,2.5,,17,4,1.4,0.8,0.2,1.3,0
185,Ryan Dunn,"SF,PF",22.6,PHO,74,,,0.429,0.491,1.1,,6.9,3.6,0.8,0.6,0.5,0.5,0
186,Jrue Holiday,"PG,SG",35.2,POR,62,,,0.444,0.911,1.7,,11.1,4.3,3.9,1.1,0.4,1.2,0
187,Kyle Kuzma,"SF,PF",30.1,MIL,65,,,0.436,0.633,1.5,,14.8,5.7,2.3,0.6,0.3,2.2,0
188,Gary Trent Jr.,"PG,SG,SF",26.6,MIL,74,,,0.43,0.847,2.4,,11.1,2.3,1.2,1,0.1,0.6,0
189,Vince Williams Jr.,"PG,SG,SF",25,MEM,27,,,0.401,0.787,1,,6.6,3.6,2,0.4,0.3,1.2,0
190,Luguentz Dort,"SG,SF",26.3,OKC,71,,,0.435,0.708,2.4,,10.1,4.1,1.6,1.1,0.5,0.7,0
191,Devin Carter,PG,23.4,SAC,36,,,0.374,0.59,0.5,,3.8,2.1,1.1,0.6,0.1,0.5,0
192,Jose Alvarado,PG,27.3,NO,56,,,0.391,0.811,2,,10.3,2.4,4.6,1.3,0.3,1.5,0
193,Cole Anthony,PG,25.3,MIL,67,,,0.423,0.822,1.2,,9.4,3,2.9,0.7,0.5,1.5,0
194,Khris Middleton,SF,34,WAS,37,,,0.474,0.859,1.3,,11.9,3.7,4.1,0.9,0.2,1.5,0
69,VJ Edgecombe,ALL,20,PHI,,,,,,,,,,,,,,1
196,Wendell Carter Jr.,"PF,C",26.3,ORL,68,,,0.46,0.739,0.5,,9.1,7.2,2,0.8,0.6,1.1,0
77,Kon Knueppel,ALL,20,CHA,,,,,,,,,,,,,,1
198,Scotty Pippen Jr.,"PG,SG",24.8,MEM,79,,,0.479,0.713,1.1,,9.9,3.3,4.4,1.3,0.4,1.7,0
199,Alex Caruso,"SG,SF",31.5,OKC,54,,,0.446,0.83,1.1,,7.1,2.9,2.5,1.6,0.5,0.7,0
200,Jaime Jaquez Jr.,"SG,SF",24.5,MIA,66,,,0.461,0.753,0.6,,8.6,4.4,2.5,0.9,0.2,1.5,0
201,Moussa Diabaté,C,23.6,CHA,71,,,0.596,0.595,0,,5.7,6.2,0.8,0.6,0.6,0.9,0
202,Noah Clowney,"SF,PF,C",21.1,BKN,46,,,0.357,0.839,1.9,,9.1,3.9,0.9,0.5,0.5,1,0
203,Goga Bitadze,C,26.1,ORL,70,,,0.612,0.637,0,,7.2,6.6,2,0.7,1.4,1,0
204,Isaiah Stewart,"PF,C",24.2,DET,72,,,0.557,0.76,0.2,,6,5.5,1.7,0.4,1.4,0.9,0
205,Dennis Schröder,"PG,SG",31.9,SAC,75,,,0.406,0.837,1.7,,13.1,2.6,5.4,0.9,0.2,1.9,0
206,Jerami Grant,"SF,PF",31.4,POR,47,,,0.373,0.85,2.3,,14.4,3.5,2.1,0.9,1,1.4,0
207,Nick Richards,C,27.7,PHO,57,,,0.591,0.744,0,,9.3,8.2,0.9,0.2,1,1.4,0
208,Karlo Matkovic,"PF,C",24.4,NO,42,,,0.573,0.771,0.5,,7.7,5,1.1,0.5,1,1,0
209,Julian Strawther,SG,23.3,DEN,65,,,0.432,0.826,1.5,,9,2.2,1.3,0.6,0.2,0.9,0
210,Jonathan Isaac,"SF,PF",27.9,ORL,71,,,0.414,0.682,0.6,,5.4,4.4,0.6,0.9,1.1,0.5,0
211,Lonzo Ball,"PG,SG",27.8,CLE,35,,,0.366,0.818,1.9,,7.6,3.4,3.3,1.3,0.5,1.2,0
212,Jaxson Hayes,"PF,C",25.2,LAL,56,,,0.724,0.623,0,,6.8,4.8,1,0.6,0.9,0.8,0
213,Kevin Porter Jr.,PG,25.3,MIL,75,,,0.45,0.769,0.7,,10.3,3.7,3.4,1.1,0.2,1.8,0
214,Adem Bona,C,22.4,PHI,58,,,0.704,0.674,0,,5.8,4.2,0.5,0.4,1.2,1.1,0
215,Jay Huff,C,28,IND,64,,,0.514,0.784,1.3,,6.9,2,0.6,0.3,0.9,0.5,0
216,Day'Ron Sharpe,C,23.8,BKN,50,,,0.521,0.757,0.2,,7.9,6.6,1.8,0.8,0.8,1.3,0
217,Ty Jerome,"PG,SG",28.1,MEM,70,,,0.516,0.872,1.6,,12.5,2.5,3.4,1.1,0,1.3,0
166,Nikola Topic,PG,20,OKC,,,,,,,,,,,,,,1
149,Hansen Yang,ALL,20.1,POR,,,,,,,,,,,,,,1
129,Collin Murray-Boyles,ALL,20.2,TOR,,,,,,,,,,,,,,1
221,Neemias Queta,C,26.1,BOS,62,,,0.651,0.755,0,,5,3.8,0.7,0.3,0.7,0.6,0
222,Clint Capela,C,31.2,HOU,55,,,0.559,0.54,0,,8.9,8.5,1.1,0.6,0.9,0.9,0
223,Kris Dunn,"PG,SG",31.4,LAC,74,,,0.438,0.667,1,,6.4,3.4,2.8,1.7,0.4,1,0
224,Tre Jones,PG,25.6,CHI,46,,,0.538,0.822,0.4,,7.2,2.5,4.2,0.8,0.2,0.8,0
225,Guerschon Yabusele,"PF,C",29.7,NY,70,,,0.501,0.726,1.5,,11,5.6,2.1,0.8,0.3,1.2,0
226,Nickeil Alexander-Walker,"SG,SF",27,ATL,82,,,0.438,0.778,1.7,,9.4,3.2,2.7,0.6,0.4,1.2,0
227,Brice Sensabaugh,"SF,PF",21.8,UTA,71,,,0.459,0.893,2.2,,10.9,3,1.5,0.6,0.1,1.5,0
228,Patrick Williams,PF,24,CHI,63,,,0.397,0.72,1.5,,9,3.8,2,0.8,0.5,1.4,0
229,Moses Moody,"SG,SF",23.2,GS,74,,,0.432,0.794,1.7,,9.8,2.6,1.3,0.8,0.4,0.7,0
230,Tyus Jones,PG,29.3,ORL,81,,,0.448,0.9,2.1,,10.2,2.4,5.3,0.9,0.1,1.1,0
231,T.J. McConnell,PG,33.4,IND,79,,,0.519,0.742,0.2,,9.1,2.4,4.4,1.1,0.3,1.4,0
128,Derik Queen,ALL,20.6,NO,,,,,,,,,,,,,,1
233,Jalen Smith,"PF,C",25.4,CHI,64,,,0.466,0.813,1.1,,8.2,5.6,1,0.3,0.7,0.6,0
234,Kelly Oubre Jr.,"SG,SF",29.7,PHI,60,,,0.47,0.753,1.2,,15.1,6.1,1.8,1.5,0.5,1.3,0
278,Noah Penda,ALL,20.6,ORL,,,,,,,,,,,,,,1
236,Buddy Hield,"SG,SF",32.7,GS,82,,,0.417,0.833,2.5,,11.1,3.2,1.6,0.8,0.3,1.1,0
237,Dalton Knecht,"SG,SF",24.3,LAL,78,,,0.461,0.759,1.6,,9.1,2.8,0.8,0.3,0.1,0.5,0
238,Tre Mann,"PG,SG",24.5,CHA,13,,,0.435,0.901,1.9,,14.1,2.9,3,0.5,0.3,1.9,0
239,Jake LaRavia,"SF,PF",23.8,LAL,66,,,0.474,0.678,0.9,,6.9,3.9,2.4,0.9,0.3,1.3,0
240,Quinten Post,C,25.4,GS,42,,,0.449,0.781,1.7,,8.1,3.5,1.3,0.4,0.4,0.8,0
241,Mouhamed Gueye,"PF,C",22.8,ATL,33,,,0.421,0.764,0.6,,6,4.2,0.8,0.8,1,0.5,0
242,Kris Murray,"SF,PF",25,POR,69,,,0.421,0.458,0.4,,4.2,2.6,1,0.5,0.2,0.6,0
243,Ziaire Williams,"SG,SF",23.9,BKN,63,,,0.412,0.821,1.6,,10,4.6,1.3,1,0.4,1.1,0
484,James Nnaji,C,21,FA,,,,,,,,,,,,,,1
245,GG Jackson II,"SF,PF",20.7,MEM,29,,,0.372,0.725,1.1,,7.2,3.2,1,0.4,0.2,1.1,0
246,Brook Lopez,C,37.4,LAC,80,,,0.509,0.827,1.7,,13,5,1.8,0.6,1.9,1.1,0
247,Jordan Hawkins,SG,23.3,NO,56,,,0.373,0.817,2,,10.8,2.8,1.2,0.5,0.4,1,0
248,Klay Thompson,"SG,SF",35.5,DAL,72,,,0.411,0.903,3,,14,3.4,2,0.7,0.4,1.2,0
249,Robert Williams III,C,27.8,POR,20,,,0.641,0.882,0.1,,5.8,5.9,1.1,0.7,1.7,0.9,0
250,De'Anthony Melton,"PG,SG",27.2,BKN,6,,,0.408,0.624,2.2,,10.3,3.3,2.8,1.2,0.3,1.7,0
251,Corey Kispert,"SG,SF",26.5,WAS,61,,,0.451,0.854,2,,11.6,3,1.7,0.4,0.2,1,0
252,Jaden Hardy,"PG,SG",23.1,DAL,57,,,0.436,0.695,1.3,,8.7,1.6,1.4,0.5,0.1,1.4,0
253,Thomas Bryant,C,28,IND,66,,,0.508,0.856,0.7,,6.5,3.8,0.8,0.4,0.6,0.5,0
244,Rasheer Fleming,ALL,21.1,PHO,,,,,,,,,,,,,,1
612,Melvin Ajinca,SF,21.1,DAL,,,,,,,,,,,,,,1
389,Juan Nunez,PG,21.2,SA,,,,,,,,,,,,,,1
254,Danny Wolf,ALL,21.3,BKN,,,,,,,,,,,,,,1
258,Grayson Allen,"PG,SG,SF",29.9,PHO,64,,,0.448,0.815,2.3,,10.6,3,2.1,0.8,0.3,1.2,0
259,Keldon Johnson,"SG,SF,PF",25.9,SA,77,,,0.482,0.774,1.1,,12.7,4.8,1.6,0.6,0.3,1,0
260,Dillon Brooks,"SG,SF,PF",29.6,PHO,75,,,0.429,0.81,2.5,,14,3.7,1.7,0.8,0.2,1,0
261,Max Strus,"SG,SF",29.4,CLE,50,,,0.442,0.824,2.3,,9.4,4.3,3.2,0.5,0.2,1.1,0
262,Ben Sheppard,"SG,SF",24.1,IND,63,,,0.417,0.884,1.1,,5.3,2.8,1.3,0.6,0.2,0.3,0
263,Luka Garza,C,26.6,BOS,38,,,0.496,0.685,0.3,,3.6,1.4,0.3,0.2,0.1,0.3,0
264,Isaiah Joe,"PG,SG",26.1,OKC,74,,,0.44,0.816,2.6,,10.2,2.6,1.6,0.6,0.1,0.5,0
265,Bruce Brown,"SG,SF",29,DEN,41,,,0.42,0.811,0.7,,8.3,4,2,0.8,0.2,1,0
266,Marcus Smart,"PG,SG",31.4,LAL,34,,,0.393,0.761,1.4,,9,2.1,3.2,1.1,0.3,1.6,0
267,Jusuf Nurkic,C,31,UTA,51,,,0.477,0.665,0.6,,8.9,7.8,2.3,0.8,0.7,1.9,0
268,Naji Marshall,"SG,SF,PF",27.6,DAL,69,,,0.509,0.81,0.9,,13.2,4.8,3,1,0.2,1.6,0
269,Caris LeVert,"SG,SF",31,DET,64,,,0.468,0.711,1.7,,12.1,3.2,3.4,0.9,0.5,1.2,0
270,Tristan Vukcevic,C,22.4,WAS,35,,,0.496,0.78,1.1,,9.4,3.7,1.1,0.3,0.7,1.2,0
271,Trayce Jackson-Davis,"PF,C",25.5,GS,62,,,0.577,0.576,0,,6.6,5,1.7,0.4,0.6,0.7,0
272,Terry Rozier,PG,31.4,MIA,64,,,0.391,0.852,1.4,,10.6,3.7,2.6,0.6,0.2,1.2,0
273,Josh Green,"SG,SF",24.8,CHA,68,,,0.428,0.679,1.4,,7.4,2.5,1.6,1.1,0.2,1,0
289,Adou Thiero,ALL,21.3,LAL,,,,,,,,,,,,,,1
275,Jamal Shead,PG,23.1,TOR,75,,,0.405,0.772,1,,7.1,1.5,4.2,0.8,0.1,1.6,0
315,Nikola Djurisic,SF,21.5,ATL,,,,,,,,,,,,,,1
632,Mark Armstrong,ALL,21.5,BKN,,,,,,,,,,,,,,1
160,Cedric Coward,ALL,21.9,MEM,,,,,,,,,,,,,,1
279,Kevin Huerter,"SG,SF",27,CHI,69,,,0.425,0.718,1.9,,9.9,3,2.3,1,0.3,1,0
280,Jonathan Mogbo,"PF,C",23.8,TOR,63,,,0.439,0.731,0.3,,6.2,4.9,2.3,0.9,0.5,1.1,0
281,Bogdan Bogdanovic,"SG,SF",33,LAC,54,,,0.427,0.877,1.9,,10.8,2.9,2.7,0.8,0.2,1.4,0
282,Brandon Clarke,"PF,C",28.9,MEM,64,,,0.621,0.699,0,,8.3,5.1,1,0.8,0.6,0.6,0
283,Julian Champagnie,"SF,PF",24.1,SA,82,,,0.416,0.904,2.2,,9.9,3.9,1.4,0.7,0.4,0.9,0
507,AJ Griffin,"SF,PF",22,HOU,,,,,,,,,,,,,,1
285,Vít Krejcí,"SG,SF",25.2,ATL,57,,,0.496,0.709,1.6,,7.2,2.7,2.6,0.6,0.5,0.9,0
286,Andre Jackson Jr.,"SG,SF",23.8,MIL,67,,,0.476,0.5,0.5,,3.4,2.7,1.2,0.5,0.2,0.9,0
598,Alex Fudge,ALL,22.3,DAL,,,,,,,,,,,,,,1
670,Kendall Brown,"SG,SF",22.3,IND,,,,,,,,,,,,,,1
235,Maxime Raynaud,ALL,22.4,SAC,,,,,,,,,,,,,,1
255,Yanic Konan Niederhauser,ALL,22.4,LAC,,,,,,,,,,,,,,1
291,Isaac Okoro,"SF,PF",24.6,CHI,55,,,0.464,0.714,1,,6.1,2.4,1.2,0.6,0.3,0.4,0
292,Tristan Da Silva,SF,24.3,ORL,74,,,0.412,0.871,1.1,,7.2,3.3,1.5,0.4,0.2,0.8,0
293,Cody Williams,SF,20.7,UTA,50,,,0.323,0.725,0.7,,4.6,2.3,1.2,0.5,0.3,0.9,0
294,Bronny James,SG,20.9,LAL,27,,,0.315,0.788,0.3,,2.3,0.7,0.8,0.3,0.1,0.5,0
295,Kelly Olynyk,"PF,C",34.3,SA,44,,,0.501,0.771,0.8,,8.7,4.7,2.9,0.8,0.4,1.7,0
296,Precious Achiuwa,"PF,C",25.9,NY,57,,,0.502,0.595,0.2,,6.6,5.6,1,0.8,0.7,0.8,0
167,Walter Clayton Jr.,ALL,22.5,UTA,,,,,,,,,,,,,,1
298,Jarred Vanderbilt,"PF,C",26.4,LAL,36,,,0.488,0.56,0.3,,4.1,5.1,1.1,1,0.3,0.8,0
492,Joshua Primo,SG,22.6,FA,,,,,,,,,,,,,,0
300,Brandon Boston Jr,"SG,SF,PF",23.7,NO,42,,,0.436,0.792,1.2,,10.7,3.2,2.2,1.3,0.2,1.2,0
301,Jonas Valanciunas,C,33.3,DEN,81,,,0.55,0.877,0.1,,10.4,7.7,2,0.5,0.6,1.5,0
302,Russell Westbrook,"PG,SG",36.8,DEN,75,,,0.449,0.659,1.3,,13.3,4.9,6.1,1.4,0.5,3.2,0
303,Tim Hardaway Jr.,"SG,SF",33.4,DEN,77,,,0.405,0.856,2.2,,11,2.4,1.6,0.5,0.1,0.6,0
256,Sion James,ALL,22.7,CHA,,,,,,,,,,,,,,0
305,Jalen Wilson,"SF,PF",24.8,BKN,79,,,0.396,0.818,1.5,,9.5,3.4,1.8,0.5,0.1,1,0
306,Duncan Robinson,"SG,SF",31.3,DET,74,,,0.438,0.889,2.6,,11,2.3,2.4,0.5,0.1,1.2,0
307,AJ Johnson,SG,22.7,WAS,29,,,0.386,0.859,0.8,,7.6,2,2.6,0.4,0.1,1.2,0
308,Steven Adams,C,32.1,HOU,57,,,0.546,0.46,0,,3.9,5.7,1.2,0.4,0.5,0.9,0
309,Malcolm Brogdon,"PG,SG",32.7,WAS,24,,,0.433,0.883,0.7,,12.7,3.8,4.1,0.5,0.2,1.6,0
310,Sam Hauser,"SF,PF",27.7,BOS,71,,,0.451,1,2.3,,8.5,3.2,0.9,0.6,0.2,0.3,0
311,Kobe Bufkin,"PG,SG",21.9,ATL,10,,,0.383,0.722,0.4,,5.3,2.1,1.7,0.3,0.2,0.8,0
312,Ben Simmons,"PG,C",29.1,LAC,51,,,0.522,0.723,0,,5,4.7,5.6,0.8,0.5,2,0
313,Wendell Moore Jr.,"SG,SF",23.9,CHA,36,,,0.469,0.82,0.4,,4.2,2.6,1.2,0.6,0.1,0.8,0
314,Justin Champagnie,"SG,SF",24.1,WAS,62,,,0.513,0.686,1.2,,8.8,5.7,1,1,0.6,0.9,0
608,Jaylin Galloway,ALL,22.7,MIL,,,,,,,,,,,,,,0
316,Jared Butler,"PG,SG",25,PHO,60,,,0.446,0.822,1,,9,1.8,3.7,0.7,0.2,1.3,0
317,Ochai Agbaji,"SG,SF",25.3,TOR,64,,,0.499,0.707,1.6,,10.4,3.8,1.5,0.9,0.5,0.8,0
318,Jordan Clarkson,"SG,SF",33.2,NY,37,,,0.408,0.798,2.3,,16.2,3.2,3.7,0.8,0.2,2.3,0
319,Ajay Mitchell,PG,23.1,OKC,36,,,0.498,0.835,0.6,,6.6,1.9,1.8,0.7,0.1,0.8,0
320,Taurean Prince,"SG,SF",31.4,MIL,80,,,0.457,0.817,1.8,,8.2,3.6,1.9,1,0.2,1,0
321,Bol Bol,"PF,C",25.8,PHO,36,,,0.526,0.778,0.9,,6.8,2.9,0.6,0.3,0.7,0.6,0
322,Tidjane Salaun,PF,20,CHA,60,,,0.33,0.713,1,,5.9,4.7,1.2,0.5,0.2,1,0
323,Caleb Martin,"SG,SF",29.9,DAL,45,,,0.425,0.624,0.8,,7.9,3.9,2.1,1,0.5,1.2,0
324,Zach Collins,"PF,C",27.7,CHI,64,,,0.506,0.885,0.5,,6.4,4.5,1.7,0.5,0.5,0.9,0
325,Richaun Holmes,C,31.8,WAS,31,,,0.647,0.83,0,,7.4,5.7,1.4,0.3,0.7,0.7,0
326,Jaylin Williams,"PF,C",23.1,OKC,47,,,0.438,0.766,1.3,,5.9,5.6,2.6,0.5,0.6,0.7,0
327,Luke Kennard,"PG,SG",29.1,ATL,65,,,0.478,0.886,1.7,,8.9,2.8,3.3,0.8,0.1,1.1,0
328,Jett Howard,SF,21.9,ORL,60,,,0.373,0.711,0.9,,4.5,1.2,0.7,0.2,0.2,0.6,0
329,Dalano Banton,"SG,SF",25.8,POR,67,,,0.391,0.727,1.1,,8.3,2,2.4,0.6,0.5,1.3,0
330,John Konchar,"SG,SF",29.4,MEM,46,,,0.449,0.882,0.5,,2.4,3.3,0.9,0.7,0.3,0.3,0
331,Trendon Watford,"PF,C",24.8,PHI,43,,,0.468,0.761,0.7,,10.5,3.7,2.7,0.6,0.3,1.9,0
332,James Wiseman,C,24.4,IND,1,,,0.5,1,0,,6,1,0,0,0,0,0
333,Chris Paul,PG,40.3,LAC,82,,,0.428,0.929,1.7,,8.8,3.6,7.4,1.3,0.3,1.6,0
334,Bobi Klintman,PF,22.5,DET,8,,,0.6,0.52,0.3,,1.9,0.9,0.9,0.3,0.1,0.1,0
335,Terance Mann,"SG,SF",28.8,BKN,67,,,0.497,0.693,0.9,,7.7,3,1.8,0.7,0.2,0.7,0
336,Duop Reath,C,29.1,POR,46,,,0.421,0.896,0.7,,4.2,2,0.6,0.3,0.3,0.3,0
337,Cameron Payne,"PG,SG",31,NY,72,,,0.402,0.907,1.3,,6.9,1.4,2.8,0.5,0.2,0.7,0
338,Johnny Furphy,SG,20.7,IND,50,,,0.38,0.818,0.3,,2.1,1.4,0.4,0.4,0.2,0.2,0
339,Maxi Kleber,"PF,C",33.5,LAL,34,,,0.387,0.758,0.4,,3,2.8,1.3,0.3,0.5,0.7,0
340,Georges Niang,"SF,PF",32.2,BOS,79,,,0.461,0.795,2.1,,9.9,3.4,1.4,0.4,0.2,1,0
341,Keon Johnson,"PG,SG",23.4,BKN,79,,,0.389,0.767,1.6,,10.6,3.8,2.2,1,0.4,1.5,0
342,Ariel Hukporti,C,23.3,NY,25,,,0.677,0.462,0,,1.9,2,0.4,0,0.6,0.8,0
343,Spencer Dinwiddie,"PG,SG",32.4,CHA,79,,,0.416,0.802,1.4,,11,2.6,4.4,0.9,0.2,1.3,0
344,AJ Green,"PG,SG",25.9,MIL,73,,,0.429,0.811,2.1,,7.4,2.4,1.5,0.5,0.1,0.5,0
345,Leonard Miller,PF,21.7,MIN,13,,,0.4,1,0,,1.5,0.8,0,0.2,0.1,0.2,0
346,Malaki Branham,"PG,SG",22.3,WAS,47,,,0.458,0.814,0.7,,5,1.1,0.8,0.2,0,0.7,0
347,Dante Exum,"PG,SG",30.1,DAL,20,,,0.478,0.742,1.2,,8.7,1.7,2.8,0.6,0.2,1.1,0
348,Markelle Fultz,"PG,SG",27.2,SAC,21,,,0.417,1,0.2,,2.9,1,1.3,0.5,0.1,0.7,0
349,Eric Gordon,"SG,SF",36.6,PHI,39,,,0.426,0.748,1.4,,6.8,1.2,1.7,0.7,0.3,0.7,0
350,Kentavious Caldwell-Pope,"SG,SF",32.5,MEM,77,,,0.439,0.862,1.5,,8.7,2.2,1.8,1.3,0.4,0.8,0
351,Ja'Kobe Walter,SG,21,TOR,52,,,0.405,0.794,1.3,,8.6,3.1,1.6,0.8,0.2,1,0
352,Harrison Barnes,"SF,PF",33.2,SA,82,,,0.508,0.807,1.9,,12.3,3.8,1.7,0.5,0.2,0.6,0
353,Marvin Bagley III,"PF,C",26.4,WAS,31,,,0.518,0.655,0.1,,4.4,2.7,0.4,0.3,0.3,0.4,0
354,Pacome Dadiet,SF,20.1,NY,18,,,0.326,0.667,0.3,,1.7,1,0.3,0.2,0.1,0.2,0
355,Baylor Scheierman,SG,24.9,BOS,31,,,0.355,0.744,0.8,,3.6,2.1,1.1,0.5,0.1,0.4,0
356,Jabari Walker,"SF,PF",23,PHI,60,,,0.516,0.695,0.5,,5.2,3.5,0.6,0.6,0.1,0.6,0
357,Tosan Evbuomwan,"SF,PF",24.5,BKN,28,,,0.427,0.751,0.9,,9.5,4.3,2,0.9,0.4,1.4,0
358,Moritz Wagner,C,28.3,ORL,30,,,0.563,0.717,0.9,,12.9,4.9,1.4,0.8,0.4,1.6,0
359,MarJon Beauchamp,"SG,SF",24.8,NY,35,,,0.414,0.754,0.3,,2.3,1.3,0.3,0.1,0,0.4,0
360,Luke Kornet,C,30.1,SA,73,,,0.667,0.692,0,,6,5.3,1.6,0.5,1,0.4,0
297,Koby Brea,ALL,22.8,PHO,,,,,,,,,,,,,,0
362,Larry Nance Jr.,"PF,C",32.6,CLE,24,,,0.515,0.704,1.4,,8.5,4.3,1.6,0.8,0.5,0.7,0
363,Bobby Portis,"PF,C",30.5,MIL,49,,,0.465,0.832,1.3,,13.9,8.4,2.1,0.7,0.5,1.2,0
364,Caleb Houstan,"SG,SF",22.6,ATL,58,,,0.421,0.897,1.1,,4.1,1.3,0.6,0.4,0.1,0.2,0
365,Jeremiah Robinson-Earl,"PF,C",24.8,NO,66,,,0.454,0.843,0.9,,6.3,4.8,1.3,0.6,0.1,0.8,0
366,Jesse Edwards,C,25.4,MIN,2,,,0,0,0,,0,0,0.5,0,0,0,0
367,Andre Drummond,C,32,PHI,40,,,0.501,0.622,0.1,,7.3,7.8,0.9,1,0.5,1.4,0
368,Matisse Thybulle,"SG,SF",28.5,POR,15,,,0.477,0.47,1.4,,7.5,3.5,1.9,2.2,0.6,0.9,0
369,Paul Reed,"PF,C",26.2,DET,45,,,0.506,0.763,0.2,,4.1,2.7,1,0.9,0.6,0.6,0
370,Alec Burks,"SG,SF",34.1,MIA,49,,,0.425,0.78,1.8,,7.3,2.5,1.1,0.6,0.1,0.6,0
371,Marcus Sasser,PG,24.9,DET,57,,,0.462,0.843,1,,6.6,1.2,2.3,0.6,0.1,0.9,0
372,Johnny Juzang,"SG,SF",24.4,UTA,64,,,0.43,0.843,1.8,,8.9,2.9,1.1,0.6,0.1,0.6,0
373,Trey Jemison,C,25.7,LAL,38,,,0.554,0.391,0,,2.5,2.8,0.4,0.2,0.4,0.6,0
374,Trevelin Queen,SG,28.5,ORL,31,,,0.382,0.853,0.7,,4.9,1.7,1.2,1,0.3,0.7,0
375,Pelle Larsson,SG,24.5,MIA,55,,,0.439,0.676,0.6,,4.6,1.7,1.2,0.6,0.1,0.4,0
376,Grant Williams,"PF,C",26.7,CHA,16,,,0.443,0.84,1.7,,10.4,5.1,2.3,1.1,0.8,1.8,0
378,Tyler Kolek,PG,24.4,NY,41,,,0.33,0.78,0.3,,2,0.7,1.7,0.3,0.1,0.4,0
379,Malik Beasley,"SG,SF",28.7,DET,82,,,0.43,0.678,3.9,,16.3,2.6,1.7,0.9,0.1,1,0
380,Daniel Theis,C,33.4,NO,38,,,0.475,0.845,0.2,,4.3,4.3,1.6,0.5,0.5,0.7,0
573,Ibou Badji,C,22.8,MIL,,,,,,,,,,,,,,0
382,Gary Harris,"PG,SG",30.9,MIL,48,,,0.383,0.6,0.8,,3,1.3,0.6,0.5,0.3,0.4,0
383,Trey Lyles,"PF,C",29.8,SAC,69,,,0.421,0.698,1.2,,6.5,4.6,1.2,0.6,0.3,0.6,0
384,Aaron Wiggins,"SG,SF",26.6,OKC,76,,,0.487,0.829,1.7,,12,3.9,1.8,0.8,0.2,0.9,0
385,Oso Ighodaro,C,23.1,PHO,61,,,0.603,0.585,0,,4.2,3.6,1.2,0.5,0.5,0.6,0
386,Reggie Jackson,"PG,SG",35.3,PHI,31,,,0.392,0.793,0.8,,4.4,1.4,1.5,0.5,0.1,0.5,0
387,Chris Duarte,SG,28.2,CHI,17,,,0.464,0.745,0.4,,2.1,1.2,0.5,0,0,0.1,0
388,Dariq Whitehead,"SG,SF",21,BKN,20,,,0.406,0.6,1.7,,5.7,1.5,0.6,0.3,0.1,0.8,0
195,DaRon Holmes II,PF,23,DEN,,,,,,,,,,,,,,0
390,Derrick Jones Jr.,"SF,PF",28.5,LAC,77,,,0.527,0.706,1,,10.1,3.4,0.8,1,0.4,0.9,0
391,Bones Hyland,"PG,SG",24.9,MIN,24,,,0.398,0.889,1.3,,6.2,1,1.3,0.8,0.2,1,0
392,PJ Hall,C,23.5,MEM,19,,,0.587,0.762,0.1,,1.7,1.2,0.2,0,0.2,0.1,0
393,Xavier Tillman Sr.,"PF,C",26.6,BOS,33,,,0.242,0.75,0.2,,1,1.3,0.2,0.3,0.2,0.4,0
394,KJ Simpson,PG,23,CHA,36,,,0.346,0.82,0.9,,7.8,3,3.1,0.9,0.2,1.6,0
395,Kyle Anderson,"SF,PF",31.9,UTA,61,,,0.469,0.738,0.4,,5.9,3.4,2.4,0.7,0.5,0.6,0
396,Kevon Looney,"PF,C",29.5,NO,76,,,0.514,0.569,0,,4.5,6.1,1.6,0.6,0.5,0.5,0
397,Jalen Hood-Schifino,"PG,SG",22.2,PHI,15,,,0.378,0.857,0.9,,7.1,1.8,2.5,0.3,0.5,1.2,0
398,Dario Saric,"PF,C",31.4,SAC,16,,,0.361,0.698,0.4,,3.5,3.1,1.4,0.4,0.1,0.9,0
399,Craig Porter Jr.,"PG,SG",25.5,CLE,51,,,0.513,0.714,0.4,,3.7,1.3,1.4,0.3,0.3,0.7,0
400,Landry Shamet,"PG,SG",28.4,NY,50,,,0.461,0.667,1.2,,5.7,1.2,0.5,0.5,0,0.4,0
401,Terrence Shannon Jr.,SG,25,MIN,32,,,0.483,0.803,0.3,,4.3,1.5,1,0.2,0.2,0.5,0
402,Nick Smith Jr.,"PG,SG",21.3,CHA,60,,,0.39,0.935,1.7,,9.9,2.1,2.4,0.3,0.1,1.4,0
403,Jae'Sean Tate,"SF,PF",29.8,HOU,52,,,0.474,0.689,0.3,,3.6,2.3,0.9,0.5,0.1,0.4,0
404,Sam Merrill,SG,29.3,CLE,71,,,0.405,0.951,1.9,,7.2,2.2,1.5,0.7,0.2,0.5,0
405,Cam Christie,SG,20.1,LAC,13,,,0.292,0.484,0.2,,1.4,0.9,0.5,0.4,0.1,0.2,0
406,Talen Horton-Tucker,"PG,SG",24.7,CHI,58,,,0.456,0.734,0.7,,6.5,1.7,1.4,0.4,0.2,0.7,0
407,Mike Conley,PG,37.9,MIN,71,,,0.399,0.898,1.8,,8.2,2.6,4.5,1.1,0.2,1.1,0
408,Mo Bamba,C,27.3,NO,32,,,0.466,0.702,0.5,,4.3,4.5,0.6,0.3,1,0.6,0
409,Josh Minott,"SF,PF",22.7,BOS,46,,,0.49,0.902,0.3,,2.6,1,0.4,0.3,0.3,0.2,0
410,Svi Mykhailiuk,"SG,SF",28.2,UTA,38,,,0.391,0.804,1.8,,8.8,2.4,2,0.5,0.2,1.4,0
411,Gary Payton II,"SG,SF",32.7,GS,62,,,0.574,0.721,0.5,,6.5,3,1.3,0.8,0.3,0.6,0
412,Christian Koloko,C,25.2,LAL,37,,,0.607,0.711,0,,2.4,2.5,0.4,0.2,0.4,0.3,0
413,Dorian Finney-Smith,"SF,PF,C",32.3,HOU,63,,,0.449,0.676,2.1,,8.7,3.9,1.4,0.9,0.4,0.9,0
414,Jaylon Tyson,SG,22.7,CLE,47,,,0.429,0.784,0.4,,3.6,2,0.9,0.3,0.1,0.6,0
415,Tyler Smith,PF,20.8,MIL,23,,,0.479,0.743,0.6,,2.9,1.1,0.2,0.1,0.2,0.3,0
416,Trey Alexander,SG,23.3,NO,23,,,0.32,0.765,0.1,,1.4,0.5,0.5,0.1,0,0.2,0
417,Royce O'Neale,"SF,PF",32.2,PHO,75,,,0.422,0.714,2.4,,9.1,4.7,2.2,0.9,0.5,0.9,0
418,Ousmane Dieng,"SF,PF",22.2,OKC,37,,,0.432,0.698,0.6,,3.8,2.2,0.8,0.5,0.2,0.5,0
419,Drew Eubanks,C,28.5,SAC,60,,,0.594,0.661,0.1,,4.7,3.8,0.9,0.2,0.7,0.7,0
420,Emoni Bates,"SG,SF",21.6,CLE,10,,,0.342,0,1.1,,3.7,0.7,0.8,0.1,0.1,0.2,0
421,Nicolas Batum,"SF,PF",36.7,LAC,78,,,0.436,0.815,1.1,,4,2.8,1.1,0.7,0.5,0.4,0
422,Josh Richardson,"PG,SG",31.9,MIA,8,,,0.291,1,0.8,,4,1.5,1.5,1,0.1,1,0
423,Cody Martin,"SG,SF",29.9,PHO,53,,,0.419,0.704,0.8,,6.8,4.2,2,1.1,0.6,1,0
424,Dillon Jones,SF,23.8,WAS,54,,,0.382,0.596,0.3,,2.5,2.2,1.1,0.3,0.1,0.5,0
425,Killian Hayes,"PG,SG",24.1,BKN,6,,,0.418,0.835,1.3,,9,3,5.2,0.7,0.7,1.5,0
502,Kenneth Lofton Jr.,"PF,C",23,CHI,,,,,,,,,,,,,,0
427,Josh Okogie,"SG,SF",27,HOU,40,,,0.443,0.742,0.8,,7.1,2.8,0.9,1.2,0.5,0.8,0
428,Jalen McDaniels,"SF,PF",27.5,SAC,4,,,0,0,0,,0,0,0.3,0.3,0,0,0
288,Johni Broome,ALL,23.1,PHI,,,,,,,,,,,,,,0
430,Kai Jones,C,24.6,DAL,40,,,0.799,0.725,0,,5,3.1,0.6,0.4,0.6,0.5,0
431,Amir Coffey,"SF,PF",28.2,LAC,72,,,0.47,0.894,1.4,,9.7,2.2,1.1,0.6,0.1,0.6,0
220,Nique Clifford,ALL,23.5,SAC,,,,,,,,,,,,,,0
433,Vasilije Micic,"PG,SG",31.6,MIL,41,,,0.347,0.83,1.1,,6.6,2.2,3.1,0.4,0,1.9,0
434,Pat Connaughton,"SG,SF",32.6,CHA,41,,,0.468,0.776,0.6,,5.3,2.7,1.7,0.2,0.3,0.6,0
435,Al Horford,"PF,C",39.2,BOS,60,,,0.423,0.905,1.9,,9,6.2,2.1,0.6,0.9,0.8,0
436,Bryce McGowens,"SG,SF",22.8,POR,13,,,0.287,0.826,0,,1,0.2,0.2,0.1,0,0.3,0
437,Seth Curry,SG,35,CHA,68,,,0.478,0.86,1.2,,6.5,1.7,0.9,0.4,0.1,0.5,0
438,Gabe Vincent,"PG,SG",29.2,LAL,72,,,0.4,0.724,1.5,,6.4,1.3,1.4,0.7,0.2,0.6,0
439,Kevin McCullar Jr.,SF,24.4,NY,4,,,0.286,1,0,,1.5,2,0.5,0.3,0.3,0,0
440,Cam Spencer,SG,25.4,MEM,25,,,0.415,1,0.8,,4.2,1.2,1.4,0.4,0,0.2,0
441,Olivier-Maxence Prosper,PF,23.1,DAL,52,,,0.403,0.644,0.2,,3.9,2.4,0.8,0.5,0.1,0.3,0
442,David Roddy,"SF,PF",24.4,HOU,33,,,0.456,0.772,0.6,,4.6,2.5,1.1,0.4,0.3,0.7,0
443,Jock Landale,C,29.8,MEM,42,,,0.533,0.674,0.3,,4.8,3.3,0.9,0.3,0.2,0.5,0
444,Bismack Biyombo,C,33,SA,28,,,0.587,0.404,0,,5.1,5.6,1.1,0.6,0.8,0.9,0
445,Sandro Mamukelashvili,"PF,C",26.2,TOR,61,,,0.501,0.737,1,,6.3,3.1,0.8,0.4,0.3,0.4,0
446,Dru Smith,"PG,SG",27.6,MIA,14,,,0.507,0.763,1.1,,6.3,2.6,1.6,1.5,0.4,1.2,0
447,Collin Gillespie,PG,26.1,PHO,33,,,0.43,0.866,1.2,,5.9,2.4,2.4,0.6,0.2,0.5,0
449,Pat Spencer,ALL,29.1,GS,39,,,0.405,0.737,0.1,,2.5,1.2,1.2,0.4,0.1,0.5,0
450,Doug McDermott,"SG,SF",33.6,SAC,42,,,0.427,0.583,1.1,,3.5,0.5,0.2,0.1,0,0.1,0
158,Ryan Kalkbrenner,ALL,23.6,CHA,,,,,,,,,,,,,,0
452,Zeke Nnaji,"PF,C",24.6,DEN,57,,,0.498,0.61,0.3,,3.2,1.6,0.4,0.4,0.7,0.2,0
287,Alijah Martin,ALL,23.6,TOR,,,,,,,,,,,,,,0
454,Kenrich Williams,PF,30.7,OKC,69,,,0.483,0.719,1,,6.3,3.5,1.4,0.6,0.1,0.6,0
455,Dwight Powell,C,34.1,DAL,55,,,0.685,0.654,0,,2.1,2.1,1,0.3,0.4,0.3,0
456,Jevon Carter,"PG,SG",29.9,CHI,36,,,0.377,0.786,1,,4.3,1.1,1.1,0.4,0.1,0.3,0
457,Enrique Freeman,PF,25.1,IND,21,,,0.432,0.642,0.1,,2.1,1.4,0.4,0.1,0.1,0.3,0
477,Aleksej Pokuševski,"PF,C",23.6,FA,,,,,,,,,,,,,,0
459,Dean Wade,"SF,PF",28.7,CLE,59,,,0.414,0.529,1.4,,5.4,4.2,1.3,0.7,0.3,0.4,0
276,Chaz Lanier,ALL,23.7,DET,,,,,,,,,,,,,,0
461,Delon Wright,"PG,SG",33.3,NY,40,,,0.345,0.603,0.5,,3.1,1.7,1.9,0.9,0.3,0.6,0
462,Blake Wesley,"PG,SG",22.4,POR,58,,,0.436,0.629,0.3,,3.7,1.1,2,0.6,0.1,0.9,0
290,Chaz Lanier,ALL,23.7,DET,,,,,,,,,,,,,,0
464,Jaden Springer,SG,22.9,UTA,43,,,0.388,0.716,0.3,,2.5,1.3,0.8,0.6,0.1,0.4,0
465,Jalen Bridges,SF,24.3,PHO,8,,,0.284,0.76,0.3,,1.1,0.5,0,0,0,0.5,0
466,Kenyon Martin Jr.,"SF,PF",24.6,UTA,43,,,0.552,0.789,0.4,,6.4,2.9,1.1,0.4,0.5,0.6,0
467,Simone Fontecchio,"SF,PF",29.7,MIA,75,,,0.402,0.83,1,,5.9,2.9,0.9,0.4,0.2,0.7,0
468,Keshad Johnson,PF,24.2,MIA,16,,,0.693,0.446,0.2,,2.7,1.8,0.3,0.3,0.3,0.3,0
469,Tristen Newton,PG,24.3,MIN,8,,,0.13,1,0,,0.4,0.5,0.3,0.1,0,0.3,0
470,Johnny Davis,"SG,SF",23.5,MEM,34,,,0.41,0.591,0.2,,2.4,1.1,0.3,0.4,0.2,0.2,0
471,David Jones,SF,23.7,SA,,,,,,,,,,,,,,0
473,Charles Bassey,C,24.8,SA,36,,,0.582,0.63,0,,4.4,4.2,0.5,0.4,0.8,0.6,0
474,Ulrich Chomche,PF,19.6,TOR,7,,,0.408,0.483,0,,0.7,1.1,0.3,0,0.1,0.3,0
475,Bruno Fernando,C,27,TOR,17,,,0.531,0.745,0,,3.4,3,1.1,0.2,0.5,0.8,0
476,Haywood Highsmith,"SF,PF",28.7,MIA,74,,,0.458,0.724,1.2,,6.5,3.4,1.5,0.9,0.5,0.7,0
579,Isaiah Todd,"PF,C",23.8,FA,,,,,,,,,,,,,,0
479,Monte Morris,"PG,SG",30.1,PHO,45,,,0.425,0.86,0.7,,5.2,1.5,1.6,0.4,0.1,0.5,0
480,Lonnie Walker IV,"SG,SF",26.7,PHI,20,,,0.42,0.8,2.3,,12.4,3.2,2.5,0.5,0.3,1.3,0
481,Cam Reddish,"SG,SF",26,LAL,33,,,0.404,0.608,0.4,,3.2,2,0.7,1,0.3,0.4,0
482,Jericho Sims,C,26.8,MIL,53,,,0.634,0.6,0,,1.8,3.7,0.6,0.2,0.4,0.6,0
483,Shake Milton,"PG,SG",28.9,LAL,57,,,0.453,0.788,0.7,,5.5,1.8,1.8,0.4,0.1,0.7,0
587,DJ Steward,ALL,23.9,CHI,,,,,,,,,,,,,,0
485,Kobe Brown,PF,25.6,LAC,40,,,0.461,0.722,0.2,,1.9,1.6,0.6,0.2,0.1,0.3,0
486,Malachi Flynn,PG,27.3,SA,4,,,0.385,0.833,0.3,,4,1.8,1.8,0.8,0,1,0
284,Micah Peavy,ALL,24.1,NO,,,,,,,,,,,,,,0
488,JT Thor,PF,23,WAS,20,,,0.424,0.682,0.3,,3.6,2.4,0.3,0.4,0.5,0.5,0
489,Colby Jones,SG,23.2,DET,39,,,0.456,0.656,0.4,,4,2.2,1.1,0.7,0.3,0.6,0
490,Sidy Cissoko,"SF,PF",21.4,POR,22,,,0.434,0.341,0.1,,1.5,1,0.7,0.1,0,0.5,0
640,Tristan Enaruna,ALL,24.1,BOS,,,,,,,,,,,,,,0
578,Theo Maledon,PG,24.2,FA,,,,,,,,,,,,,,0
493,Dalen Terry,"SG,SF",23.1,CHI,73,,,0.447,0.705,0.5,,4.5,1.7,1.3,0.6,0.2,0.7,0
494,Mason Plumlee,C,35.5,CHA,74,,,0.619,0.647,0,,4.5,6.1,1.8,0.4,0.6,0.8,0
495,Jalen Pickett,"PG,SG",25.8,DEN,49,,,0.428,0.75,0.8,,4.1,1.4,2.2,0.4,0.1,0.5,0
496,Rayan Rupert,"SG,SF",21.2,POR,52,,,0.41,0.759,0.3,,3,1.3,0.5,0.3,0.1,0.6,0
497,Kyle Lowry,PG,39.4,PHI,35,,,0.35,0.819,0.8,,3.9,1.9,2.7,0.9,0.3,0.6,0
499,Kira Lewis Jr,"PG,SG",24.4,FA,,,,,,,,,,,,,,0
503,Usman Garuba,"PF,C",24.4,FA,,,,,,,,,,,,,,0
500,Ricky Council IV,"SG,SF",24,PHI,73,,,0.382,0.8,0.8,,7.3,2.9,1.3,0.4,0.2,0.7,0
501,Orlando Robinson,C,25.1,ORL,44,,,0.445,0.774,0.4,,6.9,5,1.8,0.4,0.4,1.1,0
626,Tyler Wahl,ALL,24.4,MIN,,,,,,,,,,,,,,0
635,Max Abmas,ALL,24.4,UTA,,,,,,,,,,,,,,0
504,Jordan Walsh,"SG,SF",21.5,BOS,52,,,0.363,0.565,0.3,,1.6,1.3,0.4,0.2,0.2,0.3,0
572,R.J. Hampton,"PG,SG",24.5,FA,,,,,,,,,,,,,,0
629,Max Fiedler,ALL,24.5,PHI,,,,,,,,,,,,,,0
649,Aaron Estrada,ALL,24.5,DET,,,,,,,,,,,,,,0
508,Patrick Baldwin Jr.,PF,22.7,LAC,24,,,0.541,0.471,0.5,,2.2,1,0.1,0.1,0.1,0.2,0
651,Keisei Tominaga,ALL,24.5,IND,,,,,,,,,,,,,,0
636,Boogie Ellis,ALL,24.7,SAC,,,,,,,,,,,,,,0
633,Josh Oduro,ALL,24.8,NO,,,,,,,,,,,,,,0
487,James Bouknight,SG,24.9,FA,,,,,,,,,,,,,,0
513,Jordan McLaughlin,"PG,SG",29.4,SA,46,,,0.427,0.771,0.4,,2.1,0.7,1.1,0.3,0,0.4,0
514,Chris Boucher,"PF,C",32.6,TOR,50,,,0.491,0.782,1.4,,10,4.5,0.7,0.5,0.5,0.6,0
647,Josiah-Jordan James,ALL,24.9,IND,,,,,,,,,,,,,,0
516,Oshae Brissett,"SF,PF",27.2,PHI,6,,,0.488,0.571,1,,8.7,3.7,0.7,0.7,0.5,1.3,0
624,Jaylin Williams,ALL,25.1,DEN,,,,,,,,,,,,,,0
567,Darius Bazley,PF,25.2,FA,,,,,,,,,,,,,,0
519,TyTy Washington Jr.,PG,23.8,LAC,16,,,0.313,0.5,0.3,,2.2,0.8,1,0.2,0,0.2,0
520,Taj Gibson,"PF,C",40.1,CHA,37,,,0.494,0.593,0,,2.9,3.2,0.6,0.2,0.5,0.7,0
643,Marcus Domask,ALL,25.2,CHI,,,,,,,,,,,,,,0
522,Kevin Knox II,"SF,PF",26,GS,14,,,0.502,0.754,0.3,,3.3,1.2,0.4,0.1,0.3,0.3,0
571,Duane Washington Jr.,SG,25.4,FA,,,,,,,,,,,,,,0
524,Torrey Craig,"SF,PF",34.7,BOS,26,,,0.422,0.674,0.9,,4.2,2.8,0.7,0.3,0.5,0.3,0
525,JD Davison,"PG,SG",22.9,HOU,16,,,0.352,0.705,0.3,,2.1,0.8,0.8,0.3,0.1,0.8,0
526,A.J. Lawson,"SG,SF",25.1,TOR,26,,,0.421,0.682,1.3,,9.1,3.3,1.2,0.5,0.2,0.6,0
605,Taevion Kinsey,ALL,25.4,UTA,,,,,,,,,,,,,,0
630,KJ Jones II,ALL,25.4,BKN,,,,,,,,,,,,,,0
639,Tyrese Samuel,ALL,25.4,PHO,,,,,,,,,,,,,,0
530,Terry Taylor,PF,25.9,SAC,3,,,0,0,0,,0,0.3,0.7,0,0,0,0
642,Armando Bacot,ALL,25.4,MEM,,,,,,,,,,,,,,0
682,Seth Lundy,SF,25.4,LAC,,,,,,,,,,,,,,0
527,Nassir Little,"SF,PF",25.5,MIA,,,,,,,,,,,,,,0
625,Xavier Johnson,ALL,25.5,DAL,,,,,,,,,,,,,,0
535,Damion Lee,"SG,SF",32.8,PHO,25,,,0.365,0.952,0.4,,3.3,0.8,0.4,0.2,0,0.4,0
536,Josh Christopher,"PG,SG",23.7,MIA,14,,,0.357,0.674,0.1,,2,0.6,0.6,0.4,0.2,0.4,0
618,Blake Hinson,ALL,25.6,GS,,,,,,,,,,,,,,0
538,Kevin Love,"PF,C",36.9,UTA,23,,,0.356,0.7,1,,5.3,4.1,1,0.7,0.2,0.6,0
539,Chuma Okeke,"SF,PF",27,CLE,9,,,0.5,0.667,1.2,,5.9,5.2,1.7,0.6,0.4,0.3,0
540,Anthony Gill,"PF,C",32.8,WAS,51,,,0.486,0.663,0.2,,2.5,1.3,0.3,0.2,0,0.2,0
541,Ryan Rollins,PG,23.1,MIL,56,,,0.488,0.8,0.9,,6.2,1.9,1.9,0.8,0.3,0.9,0
542,Braxton Key,"SF,PF",28.5,GS,3,,,0,0.5,0,,1,0.7,0,0.7,0,0.3,0
543,Kessler Edwards,"SF,PF,C",25,DAL,40,,,0.497,0.909,0.6,,4.2,2.9,1.1,0.5,0.5,0.4,0
638,Boo Buie,ALL,25.7,NY,,,,,,,,,,,,,,0
644,Sean East II,ALL,25.7,LAL,,,,,,,,,,,,,,0
546,Isaiah Mobley,"SF,PF",25.9,FA,1,,,0.286,0.5,1,,6,4,5,1,1,0,0
547,Micah Potter,"PF,C",27.4,UTA,38,,,0.423,0.849,0.8,,4.3,4.3,0.8,0.4,0.4,0.8,0
460,Jalen Slawson,SF,25.8,ORL,,,,,,,,,,,,,,0
549,Dominick Barlow,"PF,C",22.2,PHI,35,,,0.529,0.638,0.2,,4.2,2.4,0.5,0.3,0.5,0.1,0
550,Brandon Williams,PG,25.7,DAL,33,,,0.521,0.835,0.7,,8.3,1.7,2.3,0.7,0.2,1.2,0
551,Cory Joseph,PG,34,ORL,50,,,0.403,0.778,0.8,,3.5,1.5,1.4,0.5,0.1,0.4,0
552,Aaron Holiday,"PG,SG",28.9,HOU,62,,,0.438,0.833,1.2,,5.5,1.3,1.3,0.3,0.2,0.6,0
672,Buddy Boeheim,SF,25.8,OKC,,,,,,,,,,,,,,0
554,Jeff Green,"PF,C",39,HOU,32,,,0.505,0.815,0.9,,5.4,1.8,0.6,0.2,0.1,0.3,0
581,Udoka Azubuike,C,25.9,FA,,,,,,,,,,,,,,0
664,Jason Preston,"PG,SG",26,UTA,,,,,,,,,,,,,,0
557,Joe Ingles,"SG,SF",37.9,MIN,18,,,0.258,0,0.2,,0.8,0.6,1.3,0.1,0,0.5,0
561,Troy Brown Jr.,"SF,PF",26.1,FA,,,,,,,,,,,,,,0
559,Alex Len,C,32.2,LAL,46,,,0.511,0.459,0,,1.6,2.1,0.8,0.2,0.5,0.4,0
560,Jack McVeigh,ALL,29.1,HOU,9,,,0.296,0,0.4,,1.6,0.6,0.1,0,0.2,0.2,0
506,Saben Lee,PG,26.2,FA,,,,,,,,,,,,,,0
595,Alex O'Connell,ALL,26.2,NY,,,,,,,,,,,,,,0
563,Garrison Mathews,"SG,SF",28.8,ATL,47,,,0.397,0.819,1.8,,7.5,1.9,1.3,0.6,0.3,0.7,0
606,Leaky Black,ALL,26.2,CHA,,,,,,,,,,,,,,0
565,Hunter Tyson,"SF,PF",25.2,DEN,51,,,0.374,0.745,0.5,,2.6,1.5,0.4,0.2,0.1,0.3,0
662,Nate Hinton,"SG,SF",26.2,HOU,,,,,,,,,,,,,,0
627,Quincy Guerrier,ALL,26.3,TOR,,,,,,,,,,,,,,0
568,P.J. Tucker,SF,40.3,NY,3,,,0.429,0,1,,3,2.7,0,0.3,0.3,0.3,0
361,Saddiq Bey,"SF,PF",26.4,NO,,,,,,,,,,,,,,0
607,Onuralp Bitim,ALL,26.4,CHI,,,,,,,,,,,,,,0
544,Olivier Sarr,C,26.5,FA,,,,,,,,,,,,,,0
646,Gabe McGlothan,ALL,26.5,DEN,,,,,,,,,,,,,,0
574,Patty Mills,"PG,SG",37,LAC,29,,,0.375,0.938,0.9,,3.8,0.8,0.9,0.4,0.1,0.6,0
592,Jermaine Samuels Jr.,ALL,26.8,HOU,,,,,,,,,,,,,,0
529,Jordan Nwora,"SF,PF",26.9,FA,,,,,,,,,,,,,,0
511,Hamidou Diallo,SG,27,FA,,,,,,,,,,,,,,0
463,Isaiah Livers,"SF,PF",27.1,PHO,,,,,,,,,,,,,,0
660,Frank Ntilikina,PG,27.1,FA,,,,,,,,,,,,,,0
458,Omer Yurtseven,C,27.2,FA,,,,,,,,,,,,,,0
531,Isaiah Roby,"PF,C",27.5,FA,,,,,,,,,,,,,,0
653,Samkelo Cele,ALL,27.6,NY,,,,,,,,,,,,,,0
583,Vlatko Cancar,PF,28.4,DEN,13,,,0.385,0,0.3,,1.8,2.5,0.7,0.2,0.2,0.8,0
584,PJ Dozier,SG,28.8,MIN,9,,,0.667,0.164,0.2,,0.8,0.6,0.6,0.1,0,0.1,0
510,Dennis Smith Jr.,"PG,SG",27.7,FA,,,,,,,,,,,,,,0
586,Mason Jones,SG,27.1,SAC,10,,,0.5,0.8,0.1,,2.3,0.9,1.1,0,0.1,0.1,0
491,Kobi Simmons,PG,28.1,FA,,,,,,,,,,,,,,0
588,D.J. Carton,ALL,25,TOR,4,,,0.143,1,0,,0.8,1,0.8,0.5,0,1,0
589,David Duke Jr.,ALL,25.8,SA,6,,,0.429,0.515,0.5,,2.7,0.8,0.7,0.2,0,0.3,0
590,Keaton Wallace,PG,26.5,ATL,31,,,0.402,1,0.9,,5.4,1.6,2.6,0.9,0.3,1.1,0
591,Jeff Dowtin Jr.,PG,28.3,PHI,41,,,0.487,0.727,0.7,,7,1.5,1.9,0.6,0.3,0.4,0
528,Kevon Harris,SG,28.1,HOU,,,,,,,,,,,,,,0
593,Quenton Jackson,ALL,26.9,IND,28,,,0.475,0.776,0.5,,5.8,1.6,1.9,0.8,0.2,0.6,0
594,Daeqwon Plowden,SG,27,ATL,6,,,0.64,1,1.5,,7.2,1.8,0.3,0,0,0.7,0
569,Furkan Korkmaz,"SG,SF",28.1,FA,,,,,,,,,,,,,,0
596,Jaylen Clark,SG,23.8,MIN,40,,,0.467,0.785,0.6,,4.1,1.3,0.7,0.9,0.1,0.2,0
597,Colin Castleton,C,25.2,TOR,26,,,0.469,0.767,0.1,,4.7,4.7,1.1,0.3,0.4,0.9,0
381,Chimezie Metu,"PF,C",28.4,FA,,,,,,,,,,,,,,0
599,Jaylen Martin,ALL,21.6,WAS,16,,,0.419,0.889,0.4,,4.9,2.8,1.1,0.6,0,0.8,0
600,Jacob Toppin,ALL,25.3,ATL,17,,,0.411,0,0.3,,1.4,0.9,0.4,0.1,0,0.2,0
601,Drew Peterson,ALL,25.8,CHA,25,,,0.415,0.778,0.5,,2.2,1.6,0.5,0.2,0.1,0.3,0
602,Jazian Gortman,ALL,22.3,DAL,16,,,0.389,0.52,0.3,,1.5,0.3,0.4,0.1,0.1,0.3,0
603,Adam Flagler,ALL,25.7,OKC,37,,,0.263,0.6,0.4,,1.8,0.7,0.3,0.2,0.1,0.1,0
604,Oscar Tshiebwe,"PF,C",25.7,UTA,14,,,0.6,0.742,0,,7.6,8.7,0.6,0.9,0.1,0.7,0
509,Admiral Schofield,"SF,PF",28.4,FA,,,,,,,,,,,,,,0
555,Wenyen Gabriel,"PF,C",28.4,FA,,,,,,,,,,,,,,0
665,Eugene Omoruyi,"SF,PF",28.5,MIN,,,,,,,,,,,,,,0
663,Mamadi Diakite,PF,28.6,PHO,,,,,,,,,,,,,,0
609,Justin Edwards,SF,21.7,PHI,44,,,0.455,0.695,1.6,,10.1,3.4,1.6,1,0.4,1.1,0
610,Antonio Reeves,SG,24.7,CHA,44,,,0.456,0.8,1.2,,6.9,1.4,0.9,0.5,0.1,0.7,0
611,Harrison Ingram,SF,22.7,SA,5,,,0.5,0,0,,0.8,1.8,0.6,0.6,0,0.2,0
656,Dylan Windler,SF,28.9,FA,,,,,,,,,,,,,,0
613,Anton Watson,ALL,24.9,NY,9,,,0.44,0,0,,0.9,0.3,0.2,0.1,0,0.2,0
614,N'Faly Dante,C,23.8,HOU,4,,,0.769,0.8,0,,6,5.3,0.5,0.3,1.3,0.5,0
615,Isaiah Crawford,ALL,23.8,HOU,15,,,0.452,0.481,0.1,,0.9,0.5,0.1,0.1,0.1,0.1,0
616,Armel Traore,ALL,22.6,LAL,9,,,0.318,0.282,0,,1.6,1.7,0.1,0.4,0.2,0.3,0
617,Reece Beekman,PG,23.9,BKN,36,,,0.327,0.759,0.2,,2.6,1.1,1.8,0.9,0.1,0.6,0
505,Keita Bates-Diop,"SF,PF",29.6,NY,,,,,,,,,,,,,,0
619,Isaac Jones,C,25.1,SAC,40,,,0.649,0.644,0.1,,3.4,1.4,0.3,0.1,0.3,0.4,0
620,Daniss Jenkins,ALL,24,DET,7,,,0.301,0,0.1,,1,0.3,0.4,0,0,0.1,0
621,Trentyn Flowers,ALL,20.4,LAC,6,,,0.366,1,0,,1.8,0.7,0,0,0,0.2,0
622,Branden Carlson,ALL,26.2,OKC,32,,,0.442,0.786,0.7,,3.8,1.7,0.4,0.2,0.7,0.2,0
623,Alex Ducas,ALL,24.7,OKC,21,,,0.399,1,0.5,,1.7,1.2,0.2,0.2,0,0.2,0
585,Malcolm Hill,ALL,29.8,NO,,,,,,,,,,,,,,0
432,Christian Wood,"PF,C",29.9,LAL,,,,,,,,,,,,,,0
518,Aleksandar Vezenkov,"SF,PF",30,FA,,,,,,,,,,,,,,0
564,Damian Jones,C,30.1,FA,,,,,,,,,,,,,,0
628,Quincy Olivari,ALL,24.2,LAL,2,,,0.2,0,0.5,,1.5,0,0.5,0,0,0.5,0
512,Cedi Osman,"SF,PF",30.4,FA,,,,,,,,,,,,,,0
429,Devonte' Graham,"PG,SG",30.5,POR,,,,,,,,,,,,,,0
631,Malevy Leons,ALL,25.9,OKC,6,,,0,0.493,0,,0.3,0.5,0.2,0,0,0.2,0
532,Yuta Watanabe,"SF,PF",30.8,FA,,,,,,,,,,,,,,0
517,Ishmail Wainright,"SF,PF",30.9,FA,,,,,,,,,,,,,,0
634,Jamison Battle,ALL,24.3,TOR,59,,,0.43,0.871,1.8,,7.1,2.7,0.9,0.3,0.2,0.5,0
453,Nerlens Noel,C,31.4,FA,,,,,,,,,,,,,,0
576,Montrezl Harrell,C,31.6,FA,,,,,,,,,,,,,,0
637,Jacky Cui,ALL,22.2,BKN,5,,,0.143,0.5,0,,0.6,0.4,0,0,0,0,0
534,Danuel House Jr.,SF,32.2,FA,,,,,,,,,,,,,,0
575,Otto Porter Jr.,"SG,SF",32.2,FA,,,,,,,,,,,,,,0
451,Juan Toscano-Anderson,SF,32.4,FA,,,,,,,,,,,,,,0
641,RayJ Dennis,ALL,24.4,IND,11,,,0.333,1,0.6,,2.7,1.1,1.3,0.6,0.2,0.5,0
533,Davis Bertans,"PF,C",32.8,FA,,,,,,,,,,,,,,0
562,Evan Fournier,"SG,SF",32.8,FA,,,,,,,,,,,,,,0
556,Cody Zeller,C,32.9,HOU,,,,,,,,,,,,,,0
645,Jahmir Young,ALL,25,CHI,6,,,0.807,1,0.2,,1.8,0.5,1,0,0,0.2,0
566,Khem Birch,C,32.9,FA,,,,,,,,,,,,,,0
545,Thanasis Antetokounmpo,SF,33.1,FA,,,,,,,,,,,,,,0
648,Isaiah Stevens,ALL,24.8,SAC,3,,,0,0,0,,0,0.7,0,0.3,0,0,0
521,Victor Oladipo,"PG,SG",33.3,FA,,,,,,,,,,,,,,0
650,Emanuel Miller,ALL,25.2,CHI,6,,,0.504,1,0,,1.7,1.3,0.3,0.2,0,0,0
537,Joe Harris,"SG,SF",33.9,FA,,,,,,,,,,,,,,0
652,Spencer Jones,ALL,24.2,DEN,20,,,0.324,1,0.1,,1.3,0.9,0.3,0.3,0.3,0.3,0
655,Mike Muscala,"PF,C",34.1,FA,,,,,,,,,,,,,,0
582,Reggie Bullock,"SF,PF",34.4,FA,,,,,,,,,,,,,,0
498,Robert Covington,"SF,PF",34.7,FA,,,,,,,,,,,,,,0
548,Marcus Morris Sr.,"PF,C",36,NY,,,,,,,,,,,,,,0
657,Moses Brown,C,25.8,DAL,13,,,0.695,0.729,0,,5.8,3.4,0.2,0.5,0.3,0.8,0
658,Jae Crowder,"SF,PF",35.1,SAC,9,,,0.32,0.836,0.4,,2.6,2.2,0.7,0.3,0,0.4,0
426,Bojan Bogdanovic,"SF,PF",36.3,BKN,,,,,,,,,,,,,,0
553,Justin Holiday,"SG,SF",36.4,FA,,,,,,,,,,,,,,0
661,Garrett Temple,SG,39.3,TOR,28,,,0.299,0.907,0.2,,1.9,1,1.1,0.6,0.1,0.4,0
580,Derrick Rose,PG,36.9,MEM,,,,,,,,,,,,,,0
523,Danilo Gallinari,SF,37,FA,,,,,,,,,,,,,,0
654,Thaddeus Young,"PF,C",37.2,FA,,,,,,,,,,,,,,0
558,Robin Lopez,C,37.4,FA,,,,,,,,,,,,,,0
666,Daishen Nix,PG,23.5,SAC,3,,,0,0.493,0,,0.3,1.3,1,0,0,1.3,0
667,Lindy Waters III,"SG,SF",28.1,SA,52,,,0.37,0.714,1.2,,4.9,2.1,1,0.5,0.2,0.4,0
668,Matt Ryan,SF,28.3,NY,19,,,0.325,1,0.3,,1.5,0.4,0.2,0.1,0,0.2,0
669,EJ Liddell,PF,24.7,CHI,12,,,0.536,1,0.3,,1.8,0.8,0.3,0.1,0,0.2,0
577,JaVale McGee,C,37.6,FA,,,,,,,,,,,,,,0
671,Gui Santos,"SF,PF",23.2,GS,56,,,0.456,0.693,0.6,,4.1,3.1,1.4,0.4,0.2,0.8,0
659,Danny Green,SG,38.2,FA,,,,,,,,,,,,,,0
673,Alondes Williams,SG,26.2,DET,1,,,1,0,1,,5,0,1,0,0,0,0
674,Cole Swider,PF,26.3,DET,10,,,0.349,0,1.5,,5.9,2.7,0.3,0.4,0.2,0.4,0
675,Stanley Umude,SF,26.3,MIL,22,,,0.195,0.5,0.1,,0.7,0.8,0.2,0.1,0.3,0.1,0
676,Jamal Cain,"SF,PF",26.4,ORL,37,,,0.431,0.681,0.7,,5.3,2.4,0.6,0.6,0.2,0.6,0
677,Jamaree Bouyea,PG,26.1,MIL,5,,,0.5,0.667,0.2,,3.4,1,2,0.8,0.4,1.6,0
678,Nate Williams,"PG,SG",26.5,HOU,20,,,0.435,0.625,0.3,,3.3,0.7,0.5,0.4,0.2,0.7,0
679,Justin Minaya,"SG,SF",26.4,POR,19,,,0.378,0,0.1,,0.9,0.5,0.4,0.3,0.1,0.3,0
680,Julian Phillips,"SF,PF",21.8,CHI,79,,,0.446,0.792,0.6,,4.6,2.1,0.5,0.5,0.3,0.3,0
681,Maxwell Lewis,SF,23.1,BKN,28,,,0.417,0.694,0.7,,4.1,2,0.7,0.3,0.3,0.5,0
515,Wesley Matthews,SG,38.8,FA,,,,,,,,,,,,,,0
683,Jordan Miller,SF,25.6,LAC,37,,,0.434,0.8,0.2,,4.1,1.6,0.9,0.5,0.1,0.7,0
684,Chris Livingston,"SF,PF",21.8,MIL,21,,,0.333,0.75,0,,1.4,1.7,0.2,0.2,0,0.3,0
685,Adama Sanogo,C,23.5,CHI,4,,,0.571,0,0,,2,1.5,0.3,0,0,0.3,0
686,Tristan Thompson,"PF,C",34.4,CLE,41,,,0.439,0.233,0,,1.7,3.3,0.6,0,0.3,0.3,0
688,James Johnson,PF,38.5,IND,12,,,0.359,0,0,,0.7,0.5,0.3,0,0.2,0.3,0
690,DeAndre Jordan,C,37.1,DEN,56,,,0.652,0.421,0,,3.7,5.1,0.9,0.3,0.5,0.7,0
